id,item_id,store_id,state_id,cat_id,dept_id,demand_pattern
FOODS_3_404_CA_1_evaluation,FOODS_3_404,CA_1,CA,FOODS,FOODS_3,Erratic
FOODS_3_474_CA_1_evaluation,FOODS_3_474,CA_1,CA,FOODS,FOODS_3,Erratic
FOODS_1_058_WI_2_evaluation,FOODS_1_058,WI_2,WI,FOODS,FOODS_1,Erratic
HOUSEHOLD_1_409_TX_2_evaluation,HOUSEHOLD_1_409,TX_2,TX,HOUSEHOLD,HOUSEHOLD_1,Erratic
FOODS_3_462_WI_3_evaluation,FOODS_3_462,WI_3,WI,FOODS,FOODS_3,Erratic
HOBBIES_1_348_CA_1_evaluation,HOBBIES_1_348,CA_1,CA,HOBBIES,HOBBIES_1,Erratic
HOUSEHOLD_1_389_WI_2_evaluation,HOUSEHOLD_1_389,WI_2,WI,HOUSEHOLD,HOUSEHOLD_1,Erratic
HOUSEHOLD_1_173_TX_3_evaluation,HOUSEHOLD_1_173,TX_3,TX,HOUSEHOLD,HOUSEHOLD_1,Erratic
FOODS_3_681_TX_2_evaluation,FOODS_3_681,TX_2,TX,FOODS,FOODS_3,Erratic
FOODS_3_319_WI_1_evaluation,FOODS_3_319,WI_1,WI,FOODS,FOODS_3,Erratic
FOODS_3_142_CA_3_evaluation,FOODS_3_142,CA_3,CA,FOODS,FOODS_3,Erratic
FOODS_2_074_CA_3_evaluation,FOODS_2_074,CA_3,CA,FOODS,FOODS_2,Erratic
FOODS_1_184_WI_1_evaluation,FOODS_1_184,WI_1,WI,FOODS,FOODS_1,Erratic
FOODS_3_406_CA_1_evaluation,FOODS_3_406,CA_1,CA,FOODS,FOODS_3,Erratic
FOODS_3_116_CA_3_evaluation,FOODS_3_116,CA_3,CA,FOODS,FOODS_3,Erratic
FOODS_1_018_WI_1_evaluation,FOODS_1_018,WI_1,WI,FOODS,FOODS_1,Erratic
FOODS_3_573_CA_3_evaluation,FOODS_3_573,CA_3,CA,FOODS,FOODS_3,Erratic
FOODS_3_607_TX_3_evaluation,FOODS_3_607,TX_3,TX,FOODS,FOODS_3,Erratic
HOUSEHOLD_1_351_TX_2_evaluation,HOUSEHOLD_1_351,TX_2,TX,HOUSEHOLD,HOUSEHOLD_1,Erratic
FOODS_2_364_WI_3_evaluation,FOODS_2_364,WI_3,WI,FOODS,FOODS_2,Erratic
FOODS_3_042_CA_4_evaluation,FOODS_3_042,CA_4,CA,FOODS,FOODS_3,Erratic
FOODS_3_462_WI_1_evaluation,FOODS_3_462,WI_1,WI,FOODS,FOODS_3,Erratic
FOODS_3_652_CA_2_evaluation,FOODS_3_652,CA_2,CA,FOODS,FOODS_3,Erratic
HOBBIES_1_090_CA_3_evaluation,HOBBIES_1_090,CA_3,CA,HOBBIES,HOBBIES_1,Erratic
HOUSEHOLD_1_032_WI_3_evaluation,HOUSEHOLD_1_032,WI_3,WI,HOUSEHOLD,HOUSEHOLD_1,Erratic
HOUSEHOLD_1_277_TX_2_evaluation,HOUSEHOLD_1_277,TX_2,TX,HOUSEHOLD,HOUSEHOLD_1,Erratic
FOODS_1_092_WI_2_evaluation,FOODS_1_092,WI_2,WI,FOODS,FOODS_1,Erratic
FOODS_3_064_CA_2_evaluation,FOODS_3_064,CA_2,CA,FOODS,FOODS_3,Erratic
FOODS_1_021_CA_4_evaluation,FOODS_1_021,CA_4,CA,FOODS,FOODS_1,Erratic
HOUSEHOLD_1_179_TX_2_evaluation,HOUSEHOLD_1_179,TX_2,TX,HOUSEHOLD,HOUSEHOLD_1,Erratic
FOODS_3_460_WI_3_evaluation,FOODS_3_460,WI_3,WI,FOODS,FOODS_3,Erratic
FOODS_3_376_TX_2_evaluation,FOODS_3_376,TX_2,TX,FOODS,FOODS_3,Erratic
FOODS_3_089_WI_1_evaluation,FOODS_3_089,WI_1,WI,FOODS,FOODS_3,Erratic
FOODS_1_018_CA_4_evaluation,FOODS_1_018,CA_4,CA,FOODS,FOODS_1,Erratic
FOODS_3_808_CA_1_evaluation,FOODS_3_808,CA_1,CA,FOODS,FOODS_3,Erratic
FOODS_3_295_CA_2_evaluation,FOODS_3_295,CA_2,CA,FOODS,FOODS_3,Erratic
FOODS_3_610_CA_3_evaluation,FOODS_3_610,CA_3,CA,FOODS,FOODS_3,Erratic
FOODS_3_245_TX_3_evaluation,FOODS_3_245,TX_3,TX,FOODS,FOODS_3,Erratic
FOODS_1_184_CA_3_evaluation,FOODS_1_184,CA_3,CA,FOODS,FOODS_1,Erratic
FOODS_3_707_WI_3_evaluation,FOODS_3_707,WI_3,WI,FOODS,FOODS_3,Erratic
FOODS_3_822_WI_2_evaluation,FOODS_3_822,WI_2,WI,FOODS,FOODS_3,Erratic
FOODS_3_785_TX_1_evaluation,FOODS_3_785,TX_1,TX,FOODS,FOODS_3,Erratic
FOODS_3_468_TX_1_evaluation,FOODS_3_468,TX_1,TX,FOODS,FOODS_3,Erratic
FOODS_3_349_CA_3_evaluation,FOODS_3_349,CA_3,CA,FOODS,FOODS_3,Erratic
FOODS_3_064_TX_3_evaluation,FOODS_3_064,TX_3,TX,FOODS,FOODS_3,Erratic
FOODS_3_101_WI_3_evaluation,FOODS_3_101,WI_3,WI,FOODS,FOODS_3,Erratic
FOODS_1_162_TX_1_evaluation,FOODS_1_162,TX_1,TX,FOODS,FOODS_1,Erratic
FOODS_1_018_CA_2_evaluation,FOODS_1_018,CA_2,CA,FOODS,FOODS_1,Erratic
FOODS_1_110_CA_2_evaluation,FOODS_1_110,CA_2,CA,FOODS,FOODS_1,Erratic
FOODS_1_067_CA_3_evaluation,FOODS_1_067,CA_3,CA,FOODS,FOODS_1,Erratic
FOODS_3_746_WI_3_evaluation,FOODS_3_746,WI_3,WI,FOODS,FOODS_3,Erratic
FOODS_1_210_CA_2_evaluation,FOODS_1_210,CA_2,CA,FOODS,FOODS_1,Erratic
FOODS_3_154_TX_2_evaluation,FOODS_3_154,TX_2,TX,FOODS,FOODS_3,Erratic
HOBBIES_1_103_CA_3_evaluation,HOBBIES_1_103,CA_3,CA,HOBBIES,HOBBIES_1,Erratic
FOODS_3_741_CA_2_evaluation,FOODS_3_741,CA_2,CA,FOODS,FOODS_3,Erratic
FOODS_3_136_WI_2_evaluation,FOODS_3_136,WI_2,WI,FOODS,FOODS_3,Erratic
FOODS_3_231_TX_1_evaluation,FOODS_3_231,TX_1,TX,FOODS,FOODS_3,Erratic
FOODS_1_210_TX_2_evaluation,FOODS_1_210,TX_2,TX,FOODS,FOODS_1,Erratic
FOODS_1_021_CA_1_evaluation,FOODS_1_021,CA_1,CA,FOODS,FOODS_1,Erratic
FOODS_3_761_CA_3_evaluation,FOODS_3_761,CA_3,CA,FOODS,FOODS_3,Erratic
HOBBIES_1_348_CA_3_evaluation,HOBBIES_1_348,CA_3,CA,HOBBIES,HOBBIES_1,Erratic
FOODS_3_541_TX_2_evaluation,FOODS_3_541,TX_2,TX,FOODS,FOODS_3,Erratic
HOUSEHOLD_1_303_WI_1_evaluation,HOUSEHOLD_1_303,WI_1,WI,HOUSEHOLD,HOUSEHOLD_1,Erratic
FOODS_3_541_CA_4_evaluation,FOODS_3_541,CA_4,CA,FOODS,FOODS_3,Erratic
HOUSEHOLD_1_351_TX_1_evaluation,HOUSEHOLD_1_351,TX_1,TX,HOUSEHOLD,HOUSEHOLD_1,Erratic
FOODS_3_501_CA_2_evaluation,FOODS_3_501,CA_2,CA,FOODS,FOODS_3,Erratic
FOODS_1_173_CA_2_evaluation,FOODS_1_173,CA_2,CA,FOODS,FOODS_1,Erratic
FOODS_3_133_CA_1_evaluation,FOODS_3_133,CA_1,CA,FOODS,FOODS_3,Erratic
FOODS_3_413_CA_2_evaluation,FOODS_3_413,CA_2,CA,FOODS,FOODS_3,Erratic
FOODS_3_327_TX_2_evaluation,FOODS_3_327,TX_2,TX,FOODS,FOODS_3,Erratic
FOODS_3_455_TX_3_evaluation,FOODS_3_455,TX_3,TX,FOODS,FOODS_3,Erratic
HOUSEHOLD_1_448_WI_1_evaluation,HOUSEHOLD_1_448,WI_1,WI,HOUSEHOLD,HOUSEHOLD_1,Erratic
FOODS_3_782_WI_3_evaluation,FOODS_3_782,WI_3,WI,FOODS,FOODS_3,Erratic
FOODS_3_546_TX_1_evaluation,FOODS_3_546,TX_1,TX,FOODS,FOODS_3,Erratic
FOODS_3_124_WI_3_evaluation,FOODS_3_124,WI_3,WI,FOODS,FOODS_3,Erratic
FOODS_3_324_WI_1_evaluation,FOODS_3_324,WI_1,WI,FOODS,FOODS_3,Erratic
FOODS_2_222_CA_1_evaluation,FOODS_2_222,CA_1,CA,FOODS,FOODS_2,Erratic
HOUSEHOLD_1_456_CA_3_evaluation,HOUSEHOLD_1_456,CA_3,CA,HOUSEHOLD,HOUSEHOLD_1,Erratic
HOUSEHOLD_1_439_TX_1_evaluation,HOUSEHOLD_1_439,TX_1,TX,HOUSEHOLD,HOUSEHOLD_1,Erratic
FOODS_3_462_CA_1_evaluation,FOODS_3_462,CA_1,CA,FOODS,FOODS_3,Erratic
HOUSEHOLD_1_303_WI_3_evaluation,HOUSEHOLD_1_303,WI_3,WI,HOUSEHOLD,HOUSEHOLD_1,Erratic
HOUSEHOLD_1_277_WI_3_evaluation,HOUSEHOLD_1_277,WI_3,WI,HOUSEHOLD,HOUSEHOLD_1,Erratic
HOUSEHOLD_1_521_CA_2_evaluation,HOUSEHOLD_1_521,CA_2,CA,HOUSEHOLD,HOUSEHOLD_1,Erratic
FOODS_3_327_WI_2_evaluation,FOODS_3_327,WI_2,WI,FOODS,FOODS_3,Erratic
FOODS_3_526_TX_3_evaluation,FOODS_3_526,TX_3,TX,FOODS,FOODS_3,Erratic
HOBBIES_1_103_CA_1_evaluation,HOBBIES_1_103,CA_1,CA,HOBBIES,HOBBIES_1,Erratic
FOODS_3_386_CA_3_evaluation,FOODS_3_386,CA_3,CA,FOODS,FOODS_3,Erratic
FOODS_1_184_TX_2_evaluation,FOODS_1_184,TX_2,TX,FOODS,FOODS_1,Erratic
FOODS_3_462_WI_2_evaluation,FOODS_3_462,WI_2,WI,FOODS,FOODS_3,Erratic
HOUSEHOLD_1_169_TX_2_evaluation,HOUSEHOLD_1_169,TX_2,TX,HOUSEHOLD,HOUSEHOLD_1,Erratic
FOODS_3_406_TX_3_evaluation,FOODS_3_406,TX_3,TX,FOODS,FOODS_3,Erratic
FOODS_3_589_WI_2_evaluation,FOODS_3_589,WI_2,WI,FOODS,FOODS_3,Erratic
FOODS_3_541_CA_2_evaluation,FOODS_3_541,CA_2,CA,FOODS,FOODS_3,Erratic
FOODS_3_519_CA_3_evaluation,FOODS_3_519,CA_3,CA,FOODS,FOODS_3,Erratic
FOODS_2_384_WI_2_evaluation,FOODS_2_384,WI_2,WI,FOODS,FOODS_2,Erratic
HOUSEHOLD_1_151_TX_1_evaluation,HOUSEHOLD_1_151,TX_1,TX,HOUSEHOLD,HOUSEHOLD_1,Erratic
FOODS_1_096_WI_2_evaluation,FOODS_1_096,WI_2,WI,FOODS,FOODS_1,Erratic
FOODS_3_501_WI_2_evaluation,FOODS_3_501,WI_2,WI,FOODS,FOODS_3,Erratic
FOODS_3_783_CA_1_evaluation,FOODS_3_783,CA_1,CA,FOODS,FOODS_3,Erratic
FOODS_3_205_WI_1_evaluation,FOODS_3_205,WI_1,WI,FOODS,FOODS_3,Erratic
FOODS_3_311_CA_3_evaluation,FOODS_3_311,CA_3,CA,FOODS,FOODS_3,Erratic
FOODS_3_514_CA_1_evaluation,FOODS_3_514,CA_1,CA,FOODS,FOODS_3,Erratic
FOODS_3_508_WI_3_evaluation,FOODS_3_508,WI_3,WI,FOODS,FOODS_3,Erratic
HOUSEHOLD_1_516_TX_3_evaluation,HOUSEHOLD_1_516,TX_3,TX,HOUSEHOLD,HOUSEHOLD_1,Erratic
FOODS_2_222_WI_1_evaluation,FOODS_2_222,WI_1,WI,FOODS,FOODS_2,Erratic
FOODS_3_711_TX_2_evaluation,FOODS_3_711,TX_2,TX,FOODS,FOODS_3,Erratic
FOODS_3_547_CA_3_evaluation,FOODS_3_547,CA_3,CA,FOODS,FOODS_3,Erratic
HOUSEHOLD_1_465_CA_1_evaluation,HOUSEHOLD_1_465,CA_1,CA,HOUSEHOLD,HOUSEHOLD_1,Erratic
FOODS_3_822_CA_1_evaluation,FOODS_3_822,CA_1,CA,FOODS,FOODS_3,Erratic
FOODS_3_719_TX_2_evaluation,FOODS_3_719,TX_2,TX,FOODS,FOODS_3,Erratic
FOODS_3_348_WI_3_evaluation,FOODS_3_348,WI_3,WI,FOODS,FOODS_3,Erratic
FOODS_3_131_WI_3_evaluation,FOODS_3_131,WI_3,WI,FOODS,FOODS_3,Erratic
HOUSEHOLD_1_118_CA_2_evaluation,HOUSEHOLD_1_118,CA_2,CA,HOUSEHOLD,HOUSEHOLD_1,Erratic
HOUSEHOLD_1_373_WI_3_evaluation,HOUSEHOLD_1_373,WI_3,WI,HOUSEHOLD,HOUSEHOLD_1,Erratic
FOODS_1_018_CA_3_evaluation,FOODS_1_018,CA_3,CA,FOODS,FOODS_1,Erratic
FOODS_1_046_CA_2_evaluation,FOODS_1_046,CA_2,CA,FOODS,FOODS_1,Erratic
HOUSEHOLD_1_389_WI_1_evaluation,HOUSEHOLD_1_389,WI_1,WI,HOUSEHOLD,HOUSEHOLD_1,Erratic
FOODS_3_205_TX_2_evaluation,FOODS_3_205,TX_2,TX,FOODS,FOODS_3,Erratic
FOODS_1_108_CA_3_evaluation,FOODS_1_108,CA_3,CA,FOODS,FOODS_1,Erratic
FOODS_3_566_CA_3_evaluation,FOODS_3_566,CA_3,CA,FOODS,FOODS_3,Erratic
HOBBIES_1_209_CA_3_evaluation,HOBBIES_1_209,CA_3,CA,HOBBIES,HOBBIES_1,Erratic
FOODS_3_809_TX_1_evaluation,FOODS_3_809,TX_1,TX,FOODS,FOODS_3,Erratic
FOODS_3_525_CA_3_evaluation,FOODS_3_525,CA_3,CA,FOODS,FOODS_3,Erratic
FOODS_3_809_WI_2_evaluation,FOODS_3_809,WI_2,WI,FOODS,FOODS_3,Erratic
HOUSEHOLD_1_389_TX_2_evaluation,HOUSEHOLD_1_389,TX_2,TX,HOUSEHOLD,HOUSEHOLD_1,Erratic
HOUSEHOLD_2_316_CA_1_evaluation,HOUSEHOLD_2_316,CA_1,CA,HOUSEHOLD,HOUSEHOLD_2,Intermittent
HOBBIES_1_040_WI_2_evaluation,HOBBIES_1_040,WI_2,WI,HOBBIES,HOBBIES_1,Intermittent
HOBBIES_2_079_CA_2_evaluation,HOBBIES_2_079,CA_2,CA,HOBBIES,HOBBIES_2,Intermittent
HOBBIES_1_132_WI_2_evaluation,HOBBIES_1_132,WI_2,WI,HOBBIES,HOBBIES_1,Intermittent
HOUSEHOLD_1_255_CA_3_evaluation,HOUSEHOLD_1_255,CA_3,CA,HOUSEHOLD,HOUSEHOLD_1,Intermittent
HOUSEHOLD_2_229_WI_2_evaluation,HOUSEHOLD_2_229,WI_2,WI,HOUSEHOLD,HOUSEHOLD_2,Intermittent
HOBBIES_1_200_WI_3_evaluation,HOBBIES_1_200,WI_3,WI,HOBBIES,HOBBIES_1,Intermittent
HOUSEHOLD_1_265_CA_3_evaluation,HOUSEHOLD_1_265,CA_3,CA,HOUSEHOLD,HOUSEHOLD_1,Intermittent
FOODS_2_245_TX_3_evaluation,FOODS_2_245,TX_3,TX,FOODS,FOODS_2,Intermittent
FOODS_2_302_CA_4_evaluation,FOODS_2_302,CA_4,CA,FOODS,FOODS_2,Intermittent
FOODS_1_213_TX_3_evaluation,FOODS_1_213,TX_3,TX,FOODS,FOODS_1,Intermittent
FOODS_3_775_TX_3_evaluation,FOODS_3_775,TX_3,TX,FOODS,FOODS_3,Intermittent
FOODS_3_649_TX_2_evaluation,FOODS_3_649,TX_2,TX,FOODS,FOODS_3,Intermittent
HOBBIES_2_048_WI_3_evaluation,HOBBIES_2_048,WI_3,WI,HOBBIES,HOBBIES_2,Intermittent
HOUSEHOLD_1_398_CA_1_evaluation,HOUSEHOLD_1_398,CA_1,CA,HOUSEHOLD,HOUSEHOLD_1,Intermittent
HOUSEHOLD_1_316_CA_3_evaluation,HOUSEHOLD_1_316,CA_3,CA,HOUSEHOLD,HOUSEHOLD_1,Intermittent
FOODS_3_379_WI_2_evaluation,FOODS_3_379,WI_2,WI,FOODS,FOODS_3,Intermittent
HOUSEHOLD_1_241_CA_4_evaluation,HOUSEHOLD_1_241,CA_4,CA,HOUSEHOLD,HOUSEHOLD_1,Intermittent
HOUSEHOLD_1_355_CA_1_evaluation,HOUSEHOLD_1_355,CA_1,CA,HOUSEHOLD,HOUSEHOLD_1,Intermittent
HOUSEHOLD_2_232_TX_3_evaluation,HOUSEHOLD_2_232,TX_3,TX,HOUSEHOLD,HOUSEHOLD_2,Intermittent
HOBBIES_2_119_WI_1_evaluation,HOBBIES_2_119,WI_1,WI,HOBBIES,HOBBIES_2,Intermittent
FOODS_2_179_TX_3_evaluation,FOODS_2_179,TX_3,TX,FOODS,FOODS_2,Intermittent
HOUSEHOLD_2_278_WI_1_evaluation,HOUSEHOLD_2_278,WI_1,WI,HOUSEHOLD,HOUSEHOLD_2,Intermittent
FOODS_2_188_TX_1_evaluation,FOODS_2_188,TX_1,TX,FOODS,FOODS_2,Intermittent
HOUSEHOLD_1_282_CA_4_evaluation,HOUSEHOLD_1_282,CA_4,CA,HOUSEHOLD,HOUSEHOLD_1,Intermittent
HOUSEHOLD_1_380_CA_3_evaluation,HOUSEHOLD_1_380,CA_3,CA,HOUSEHOLD,HOUSEHOLD_1,Intermittent
FOODS_2_126_CA_4_evaluation,FOODS_2_126,CA_4,CA,FOODS,FOODS_2,Intermittent
FOODS_1_010_WI_1_evaluation,FOODS_1_010,WI_1,WI,FOODS,FOODS_1,Intermittent
FOODS_3_745_TX_1_evaluation,FOODS_3_745,TX_1,TX,FOODS,FOODS_3,Intermittent
HOBBIES_1_061_WI_2_evaluation,HOBBIES_1_061,WI_2,WI,HOBBIES,HOBBIES_1,Intermittent
HOBBIES_1_276_TX_2_evaluation,HOBBIES_1_276,TX_2,TX,HOBBIES,HOBBIES_1,Intermittent
HOUSEHOLD_1_230_TX_1_evaluation,HOUSEHOLD_1_230,TX_1,TX,HOUSEHOLD,HOUSEHOLD_1,Intermittent
HOUSEHOLD_2_371_WI_2_evaluation,HOUSEHOLD_2_371,WI_2,WI,HOUSEHOLD,HOUSEHOLD_2,Intermittent
HOUSEHOLD_1_487_CA_2_evaluation,HOUSEHOLD_1_487,CA_2,CA,HOUSEHOLD,HOUSEHOLD_1,Intermittent
FOODS_1_208_TX_3_evaluation,FOODS_1_208,TX_3,TX,FOODS,FOODS_1,Intermittent
FOODS_1_177_CA_1_evaluation,FOODS_1_177,CA_1,CA,FOODS,FOODS_1,Intermittent
HOBBIES_2_071_CA_2_evaluation,HOBBIES_2_071,CA_2,CA,HOBBIES,HOBBIES_2,Intermittent
HOBBIES_1_423_TX_2_evaluation,HOBBIES_1_423,TX_2,TX,HOBBIES,HOBBIES_1,Intermittent
FOODS_3_129_WI_2_evaluation,FOODS_3_129,WI_2,WI,FOODS,FOODS_3,Intermittent
FOODS_3_026_TX_2_evaluation,FOODS_3_026,TX_2,TX,FOODS,FOODS_3,Intermittent
FOODS_3_712_WI_3_evaluation,FOODS_3_712,WI_3,WI,FOODS,FOODS_3,Intermittent
FOODS_3_400_WI_3_evaluation,FOODS_3_400,WI_3,WI,FOODS,FOODS_3,Intermittent
HOUSEHOLD_1_400_TX_1_evaluation,HOUSEHOLD_1_400,TX_1,TX,HOUSEHOLD,HOUSEHOLD_1,Intermittent
HOBBIES_1_306_CA_1_evaluation,HOBBIES_1_306,CA_1,CA,HOBBIES,HOBBIES_1,Intermittent
FOODS_1_207_WI_1_evaluation,FOODS_1_207,WI_1,WI,FOODS,FOODS_1,Intermittent
HOUSEHOLD_1_298_WI_3_evaluation,HOUSEHOLD_1_298,WI_3,WI,HOUSEHOLD,HOUSEHOLD_1,Intermittent
HOUSEHOLD_2_252_CA_4_evaluation,HOUSEHOLD_2_252,CA_4,CA,HOUSEHOLD,HOUSEHOLD_2,Intermittent
HOUSEHOLD_1_211_WI_1_evaluation,HOUSEHOLD_1_211,WI_1,WI,HOUSEHOLD,HOUSEHOLD_1,Intermittent
FOODS_3_445_WI_3_evaluation,FOODS_3_445,WI_3,WI,FOODS,FOODS_3,Intermittent
HOUSEHOLD_2_506_WI_1_evaluation,HOUSEHOLD_2_506,WI_1,WI,HOUSEHOLD,HOUSEHOLD_2,Intermittent
FOODS_1_106_WI_2_evaluation,FOODS_1_106,WI_2,WI,FOODS,FOODS_1,Intermittent
HOBBIES_1_220_CA_2_evaluation,HOBBIES_1_220,CA_2,CA,HOBBIES,HOBBIES_1,Intermittent
HOUSEHOLD_2_137_CA_4_evaluation,HOUSEHOLD_2_137,CA_4,CA,HOUSEHOLD,HOUSEHOLD_2,Intermittent
HOBBIES_1_138_WI_2_evaluation,HOBBIES_1_138,WI_2,WI,HOBBIES,HOBBIES_1,Intermittent
FOODS_3_307_CA_3_evaluation,FOODS_3_307,CA_3,CA,FOODS,FOODS_3,Intermittent
FOODS_2_180_TX_3_evaluation,FOODS_2_180,TX_3,TX,FOODS,FOODS_2,Intermittent
HOUSEHOLD_2_195_TX_1_evaluation,HOUSEHOLD_2_195,TX_1,TX,HOUSEHOLD,HOUSEHOLD_2,Intermittent
FOODS_3_551_WI_3_evaluation,FOODS_3_551,WI_3,WI,FOODS,FOODS_3,Intermittent
HOBBIES_1_315_CA_3_evaluation,HOBBIES_1_315,CA_3,CA,HOBBIES,HOBBIES_1,Intermittent
HOUSEHOLD_1_200_TX_1_evaluation,HOUSEHOLD_1_200,TX_1,TX,HOUSEHOLD,HOUSEHOLD_1,Intermittent
HOUSEHOLD_2_134_TX_1_evaluation,HOUSEHOLD_2_134,TX_1,TX,HOUSEHOLD,HOUSEHOLD_2,Intermittent
FOODS_3_748_WI_3_evaluation,FOODS_3_748,WI_3,WI,FOODS,FOODS_3,Intermittent
HOBBIES_1_118_TX_1_evaluation,HOBBIES_1_118,TX_1,TX,HOBBIES,HOBBIES_1,Intermittent
FOODS_2_080_CA_3_evaluation,FOODS_2_080,CA_3,CA,FOODS,FOODS_2,Intermittent
HOUSEHOLD_1_290_TX_3_evaluation,HOUSEHOLD_1_290,TX_3,TX,HOUSEHOLD,HOUSEHOLD_1,Intermittent
FOODS_2_010_CA_1_evaluation,FOODS_2_010,CA_1,CA,FOODS,FOODS_2,Intermittent
HOUSEHOLD_1_241_CA_1_evaluation,HOUSEHOLD_1_241,CA_1,CA,HOUSEHOLD,HOUSEHOLD_1,Intermittent
HOUSEHOLD_1_133_TX_3_evaluation,HOUSEHOLD_1_133,TX_3,TX,HOUSEHOLD,HOUSEHOLD_1,Intermittent
HOUSEHOLD_1_014_WI_3_evaluation,HOUSEHOLD_1_014,WI_3,WI,HOUSEHOLD,HOUSEHOLD_1,Intermittent
HOBBIES_1_068_TX_2_evaluation,HOBBIES_1_068,TX_2,TX,HOBBIES,HOBBIES_1,Intermittent
FOODS_3_243_CA_1_evaluation,FOODS_3_243,CA_1,CA,FOODS,FOODS_3,Intermittent
HOUSEHOLD_2_223_TX_3_evaluation,HOUSEHOLD_2_223,TX_3,TX,HOUSEHOLD,HOUSEHOLD_2,Intermittent
HOUSEHOLD_2_326_CA_1_evaluation,HOUSEHOLD_2_326,CA_1,CA,HOUSEHOLD,HOUSEHOLD_2,Intermittent
FOODS_3_043_WI_3_evaluation,FOODS_3_043,WI_3,WI,FOODS,FOODS_3,Intermittent
HOUSEHOLD_2_247_TX_3_evaluation,HOUSEHOLD_2_247,TX_3,TX,HOUSEHOLD,HOUSEHOLD_2,Intermittent
FOODS_2_156_WI_3_evaluation,FOODS_2_156,WI_3,WI,FOODS,FOODS_2,Intermittent
FOODS_3_341_CA_3_evaluation,FOODS_3_341,CA_3,CA,FOODS,FOODS_3,Intermittent
FOODS_3_216_CA_1_evaluation,FOODS_3_216,CA_1,CA,FOODS,FOODS_3,Intermittent
HOBBIES_1_340_TX_3_evaluation,HOBBIES_1_340,TX_3,TX,HOBBIES,HOBBIES_1,Intermittent
HOBBIES_1_321_CA_4_evaluation,HOBBIES_1_321,CA_4,CA,HOBBIES,HOBBIES_1,Intermittent
FOODS_3_276_CA_1_evaluation,FOODS_3_276,CA_1,CA,FOODS,FOODS_3,Intermittent
HOUSEHOLD_1_263_CA_4_evaluation,HOUSEHOLD_1_263,CA_4,CA,HOUSEHOLD,HOUSEHOLD_1,Intermittent
HOUSEHOLD_2_234_CA_2_evaluation,HOUSEHOLD_2_234,CA_2,CA,HOUSEHOLD,HOUSEHOLD_2,Intermittent
HOBBIES_2_053_WI_1_evaluation,HOBBIES_2_053,WI_1,WI,HOBBIES,HOBBIES_2,Intermittent
HOUSEHOLD_1_268_CA_1_evaluation,HOUSEHOLD_1_268,CA_1,CA,HOUSEHOLD,HOUSEHOLD_1,Intermittent
HOBBIES_1_251_TX_2_evaluation,HOBBIES_1_251,TX_2,TX,HOBBIES,HOBBIES_1,Intermittent
HOUSEHOLD_1_321_CA_2_evaluation,HOUSEHOLD_1_321,CA_2,CA,HOUSEHOLD,HOUSEHOLD_1,Intermittent
HOUSEHOLD_2_075_CA_3_evaluation,HOUSEHOLD_2_075,CA_3,CA,HOUSEHOLD,HOUSEHOLD_2,Intermittent
HOUSEHOLD_1_160_CA_3_evaluation,HOUSEHOLD_1_160,CA_3,CA,HOUSEHOLD,HOUSEHOLD_1,Intermittent
HOUSEHOLD_1_093_TX_2_evaluation,HOUSEHOLD_1_093,TX_2,TX,HOUSEHOLD,HOUSEHOLD_1,Intermittent
HOUSEHOLD_2_516_TX_3_evaluation,HOUSEHOLD_2_516,TX_3,TX,HOUSEHOLD,HOUSEHOLD_2,Intermittent
HOBBIES_2_047_WI_3_evaluation,HOBBIES_2_047,WI_3,WI,HOBBIES,HOBBIES_2,Intermittent
FOODS_3_315_WI_2_evaluation,FOODS_3_315,WI_2,WI,FOODS,FOODS_3,Intermittent
HOUSEHOLD_1_345_CA_4_evaluation,HOUSEHOLD_1_345,CA_4,CA,HOUSEHOLD,HOUSEHOLD_1,Intermittent
HOUSEHOLD_1_233_WI_1_evaluation,HOUSEHOLD_1_233,WI_1,WI,HOUSEHOLD,HOUSEHOLD_1,Intermittent
HOBBIES_1_281_WI_3_evaluation,HOBBIES_1_281,WI_3,WI,HOBBIES,HOBBIES_1,Intermittent
HOUSEHOLD_1_233_TX_3_evaluation,HOUSEHOLD_1_233,TX_3,TX,HOUSEHOLD,HOUSEHOLD_1,Intermittent
FOODS_2_296_WI_2_evaluation,FOODS_2_296,WI_2,WI,FOODS,FOODS_2,Intermittent
HOUSEHOLD_2_379_WI_2_evaluation,HOUSEHOLD_2_379,WI_2,WI,HOUSEHOLD,HOUSEHOLD_2,Intermittent
HOBBIES_1_192_WI_1_evaluation,HOBBIES_1_192,WI_1,WI,HOBBIES,HOBBIES_1,Intermittent
FOODS_2_211_CA_2_evaluation,FOODS_2_211,CA_2,CA,FOODS,FOODS_2,Intermittent
HOUSEHOLD_1_490_TX_3_evaluation,HOUSEHOLD_1_490,TX_3,TX,HOUSEHOLD,HOUSEHOLD_1,Intermittent
HOUSEHOLD_2_247_CA_2_evaluation,HOUSEHOLD_2_247,CA_2,CA,HOUSEHOLD,HOUSEHOLD_2,Intermittent
FOODS_3_222_WI_1_evaluation,FOODS_3_222,WI_1,WI,FOODS,FOODS_3,Intermittent
FOODS_1_109_CA_2_evaluation,FOODS_1_109,CA_2,CA,FOODS,FOODS_1,Intermittent
FOODS_2_180_CA_4_evaluation,FOODS_2_180,CA_4,CA,FOODS,FOODS_2,Intermittent
FOODS_1_061_WI_1_evaluation,FOODS_1_061,WI_1,WI,FOODS,FOODS_1,Intermittent
HOUSEHOLD_2_220_TX_3_evaluation,HOUSEHOLD_2_220,TX_3,TX,HOUSEHOLD,HOUSEHOLD_2,Intermittent
FOODS_2_108_CA_3_evaluation,FOODS_2_108,CA_3,CA,FOODS,FOODS_2,Intermittent
HOUSEHOLD_2_106_TX_1_evaluation,HOUSEHOLD_2_106,TX_1,TX,HOUSEHOLD,HOUSEHOLD_2,Intermittent
HOBBIES_1_419_CA_3_evaluation,HOBBIES_1_419,CA_3,CA,HOBBIES,HOBBIES_1,Intermittent
HOUSEHOLD_1_462_CA_3_evaluation,HOUSEHOLD_1_462,CA_3,CA,HOUSEHOLD,HOUSEHOLD_1,Intermittent
HOUSEHOLD_2_015_CA_3_evaluation,HOUSEHOLD_2_015,CA_3,CA,HOUSEHOLD,HOUSEHOLD_2,Intermittent
FOODS_1_076_TX_3_evaluation,FOODS_1_076,TX_3,TX,FOODS,FOODS_1,Intermittent
HOUSEHOLD_2_456_CA_1_evaluation,HOUSEHOLD_2_456,CA_1,CA,HOUSEHOLD,HOUSEHOLD_2,Intermittent
HOUSEHOLD_1_166_CA_1_evaluation,HOUSEHOLD_1_166,CA_1,CA,HOUSEHOLD,HOUSEHOLD_1,Intermittent
HOUSEHOLD_2_476_CA_1_evaluation,HOUSEHOLD_2_476,CA_1,CA,HOUSEHOLD,HOUSEHOLD_2,Intermittent
HOUSEHOLD_2_507_WI_3_evaluation,HOUSEHOLD_2_507,WI_3,WI,HOUSEHOLD,HOUSEHOLD_2,Intermittent
HOUSEHOLD_2_231_CA_2_evaluation,HOUSEHOLD_2_231,CA_2,CA,HOUSEHOLD,HOUSEHOLD_2,Intermittent
HOBBIES_1_394_WI_2_evaluation,HOBBIES_1_394,WI_2,WI,HOBBIES,HOBBIES_1,Intermittent
HOBBIES_2_010_CA_3_evaluation,HOBBIES_2_010,CA_3,CA,HOBBIES,HOBBIES_2,Intermittent
FOODS_3_017_CA_3_evaluation,FOODS_3_017,CA_3,CA,FOODS,FOODS_3,Intermittent
HOUSEHOLD_2_383_WI_2_evaluation,HOUSEHOLD_2_383,WI_2,WI,HOUSEHOLD,HOUSEHOLD_2,Intermittent
HOUSEHOLD_2_169_WI_2_evaluation,HOUSEHOLD_2_169,WI_2,WI,HOUSEHOLD,HOUSEHOLD_2,Intermittent
FOODS_1_136_WI_2_evaluation,FOODS_1_136,WI_2,WI,FOODS,FOODS_1,Intermittent
HOBBIES_1_202_WI_3_evaluation,HOBBIES_1_202,WI_3,WI,HOBBIES,HOBBIES_1,Lumpy
HOUSEHOLD_2_169_TX_1_evaluation,HOUSEHOLD_2_169,TX_1,TX,HOUSEHOLD,HOUSEHOLD_2,Lumpy
HOUSEHOLD_1_474_WI_1_evaluation,HOUSEHOLD_1_474,WI_1,WI,HOUSEHOLD,HOUSEHOLD_1,Lumpy
FOODS_3_624_WI_3_evaluation,FOODS_3_624,WI_3,WI,FOODS,FOODS_3,Lumpy
FOODS_3_133_WI_3_evaluation,FOODS_3_133,WI_3,WI,FOODS,FOODS_3,Lumpy
FOODS_1_035_CA_1_evaluation,FOODS_1_035,CA_1,CA,FOODS,FOODS_1,Lumpy
HOBBIES_1_248_WI_2_evaluation,HOBBIES_1_248,WI_2,WI,HOBBIES,HOBBIES_1,Lumpy
FOODS_1_166_WI_3_evaluation,FOODS_1_166,WI_3,WI,FOODS,FOODS_1,Lumpy
FOODS_2_257_CA_4_evaluation,FOODS_2_257,CA_4,CA,FOODS,FOODS_2,Lumpy
FOODS_3_707_TX_3_evaluation,FOODS_3_707,TX_3,TX,FOODS,FOODS_3,Lumpy
FOODS_3_153_TX_1_evaluation,FOODS_3_153,TX_1,TX,FOODS,FOODS_3,Lumpy
FOODS_1_137_CA_1_evaluation,FOODS_1_137,CA_1,CA,FOODS,FOODS_1,Lumpy
HOUSEHOLD_1_189_TX_2_evaluation,HOUSEHOLD_1_189,TX_2,TX,HOUSEHOLD,HOUSEHOLD_1,Lumpy
FOODS_1_067_CA_1_evaluation,FOODS_1_067,CA_1,CA,FOODS,FOODS_1,Lumpy
FOODS_3_388_CA_4_evaluation,FOODS_3_388,CA_4,CA,FOODS,FOODS_3,Lumpy
FOODS_3_155_CA_2_evaluation,FOODS_3_155,CA_2,CA,FOODS,FOODS_3,Lumpy
HOBBIES_1_048_TX_2_evaluation,HOBBIES_1_048,TX_2,TX,HOBBIES,HOBBIES_1,Lumpy
FOODS_3_150_CA_3_evaluation,FOODS_3_150,CA_3,CA,FOODS,FOODS_3,Lumpy
FOODS_1_196_CA_4_evaluation,FOODS_1_196,CA_4,CA,FOODS,FOODS_1,Lumpy
HOUSEHOLD_2_075_TX_2_evaluation,HOUSEHOLD_2_075,TX_2,TX,HOUSEHOLD,HOUSEHOLD_2,Lumpy
FOODS_3_460_CA_2_evaluation,FOODS_3_460,CA_2,CA,FOODS,FOODS_3,Lumpy
FOODS_1_005_WI_1_evaluation,FOODS_1_005,WI_1,WI,FOODS,FOODS_1,Lumpy
HOBBIES_1_286_CA_1_evaluation,HOBBIES_1_286,CA_1,CA,HOBBIES,HOBBIES_1,Lumpy
FOODS_2_121_TX_1_evaluation,FOODS_2_121,TX_1,TX,FOODS,FOODS_2,Lumpy
HOBBIES_2_009_TX_3_evaluation,HOBBIES_2_009,TX_3,TX,HOBBIES,HOBBIES_2,Lumpy
FOODS_3_519_CA_4_evaluation,FOODS_3_519,CA_4,CA,FOODS,FOODS_3,Lumpy
FOODS_2_270_WI_2_evaluation,FOODS_2_270,WI_2,WI,FOODS,FOODS_2,Lumpy
FOODS_3_213_CA_4_evaluation,FOODS_3_213,CA_4,CA,FOODS,FOODS_3,Lumpy
FOODS_3_756_CA_2_evaluation,FOODS_3_756,CA_2,CA,FOODS,FOODS_3,Lumpy
HOUSEHOLD_1_507_CA_2_evaluation,HOUSEHOLD_1_507,CA_2,CA,HOUSEHOLD,HOUSEHOLD_1,Lumpy
FOODS_3_664_CA_1_evaluation,FOODS_3_664,CA_1,CA,FOODS,FOODS_3,Lumpy
FOODS_3_421_WI_1_evaluation,FOODS_3_421,WI_1,WI,FOODS,FOODS_3,Lumpy
FOODS_1_151_CA_2_evaluation,FOODS_1_151,CA_2,CA,FOODS,FOODS_1,Lumpy
FOODS_3_294_TX_2_evaluation,FOODS_3_294,TX_2,TX,FOODS,FOODS_3,Lumpy
HOUSEHOLD_1_439_CA_1_evaluation,HOUSEHOLD_1_439,CA_1,CA,HOUSEHOLD,HOUSEHOLD_1,Lumpy
HOBBIES_1_353_CA_1_evaluation,HOBBIES_1_353,CA_1,CA,HOBBIES,HOBBIES_1,Lumpy
FOODS_3_107_CA_2_evaluation,FOODS_3_107,CA_2,CA,FOODS,FOODS_3,Lumpy
HOBBIES_1_006_WI_3_evaluation,HOBBIES_1_006,WI_3,WI,HOBBIES,HOBBIES_1,Lumpy
FOODS_3_445_TX_3_evaluation,FOODS_3_445,TX_3,TX,FOODS,FOODS_3,Lumpy
FOODS_1_185_TX_3_evaluation,FOODS_1_185,TX_3,TX,FOODS,FOODS_1,Lumpy
FOODS_1_035_TX_2_evaluation,FOODS_1_035,TX_2,TX,FOODS,FOODS_1,Lumpy
FOODS_3_086_CA_2_evaluation,FOODS_3_086,CA_2,CA,FOODS,FOODS_3,Lumpy
FOODS_2_132_CA_3_evaluation,FOODS_2_132,CA_3,CA,FOODS,FOODS_2,Lumpy
HOUSEHOLD_1_015_TX_2_evaluation,HOUSEHOLD_1_015,TX_2,TX,HOUSEHOLD,HOUSEHOLD_1,Lumpy
FOODS_3_319_TX_3_evaluation,FOODS_3_319,TX_3,TX,FOODS,FOODS_3,Lumpy
FOODS_3_645_CA_2_evaluation,FOODS_3_645,CA_2,CA,FOODS,FOODS_3,Lumpy
HOUSEHOLD_1_515_TX_2_evaluation,HOUSEHOLD_1_515,TX_2,TX,HOUSEHOLD,HOUSEHOLD_1,Lumpy
FOODS_1_189_CA_3_evaluation,FOODS_1_189,CA_3,CA,FOODS,FOODS_1,Lumpy
FOODS_3_779_TX_1_evaluation,FOODS_3_779,TX_1,TX,FOODS,FOODS_3,Lumpy
FOODS_2_125_WI_1_evaluation,FOODS_2_125,WI_1,WI,FOODS,FOODS_2,Lumpy
FOODS_1_217_WI_1_evaluation,FOODS_1_217,WI_1,WI,FOODS,FOODS_1,Lumpy
HOUSEHOLD_2_023_TX_2_evaluation,HOUSEHOLD_2_023,TX_2,TX,HOUSEHOLD,HOUSEHOLD_2,Lumpy
HOBBIES_1_233_TX_3_evaluation,HOBBIES_1_233,TX_3,TX,HOBBIES,HOBBIES_1,Lumpy
FOODS_2_034_WI_2_evaluation,FOODS_2_034,WI_2,WI,FOODS,FOODS_2,Lumpy
HOBBIES_1_016_TX_3_evaluation,HOBBIES_1_016,TX_3,TX,HOBBIES,HOBBIES_1,Lumpy
FOODS_2_026_CA_2_evaluation,FOODS_2_026,CA_2,CA,FOODS,FOODS_2,Lumpy
FOODS_1_149_WI_2_evaluation,FOODS_1_149,WI_2,WI,FOODS,FOODS_1,Lumpy
FOODS_2_368_WI_3_evaluation,FOODS_2_368,WI_3,WI,FOODS,FOODS_2,Lumpy
FOODS_2_283_TX_2_evaluation,FOODS_2_283,TX_2,TX,FOODS,FOODS_2,Lumpy
FOODS_2_051_TX_3_evaluation,FOODS_2_051,TX_3,TX,FOODS,FOODS_2,Lumpy
HOUSEHOLD_1_141_WI_3_evaluation,HOUSEHOLD_1_141,WI_3,WI,HOUSEHOLD,HOUSEHOLD_1,Lumpy
FOODS_3_375_CA_2_evaluation,FOODS_3_375,CA_2,CA,FOODS,FOODS_3,Lumpy
FOODS_3_446_WI_3_evaluation,FOODS_3_446,WI_3,WI,FOODS,FOODS_3,Lumpy
FOODS_1_108_TX_1_evaluation,FOODS_1_108,TX_1,TX,FOODS,FOODS_1,Lumpy
HOUSEHOLD_1_254_TX_2_evaluation,HOUSEHOLD_1_254,TX_2,TX,HOUSEHOLD,HOUSEHOLD_1,Lumpy
FOODS_2_116_WI_3_evaluation,FOODS_2_116,WI_3,WI,FOODS,FOODS_2,Lumpy
FOODS_3_758_TX_2_evaluation,FOODS_3_758,TX_2,TX,FOODS,FOODS_3,Lumpy
FOODS_1_119_CA_2_evaluation,FOODS_1_119,CA_2,CA,FOODS,FOODS_1,Lumpy
FOODS_1_091_TX_2_evaluation,FOODS_1_091,TX_2,TX,FOODS,FOODS_1,Lumpy
FOODS_1_092_TX_3_evaluation,FOODS_1_092,TX_3,TX,FOODS,FOODS_1,Lumpy
FOODS_3_511_WI_2_evaluation,FOODS_3_511,WI_2,WI,FOODS,FOODS_3,Lumpy
FOODS_3_234_TX_1_evaluation,FOODS_3_234,TX_1,TX,FOODS,FOODS_3,Lumpy
HOBBIES_2_097_CA_2_evaluation,HOBBIES_2_097,CA_2,CA,HOBBIES,HOBBIES_2,Lumpy
FOODS_3_420_TX_2_evaluation,FOODS_3_420,TX_2,TX,FOODS,FOODS_3,Lumpy
FOODS_2_358_CA_3_evaluation,FOODS_2_358,CA_3,CA,FOODS,FOODS_2,Lumpy
FOODS_3_414_TX_2_evaluation,FOODS_3_414,TX_2,TX,FOODS,FOODS_3,Lumpy
FOODS_1_174_WI_1_evaluation,FOODS_1_174,WI_1,WI,FOODS,FOODS_1,Lumpy
FOODS_2_229_TX_3_evaluation,FOODS_2_229,TX_3,TX,FOODS,FOODS_2,Lumpy
FOODS_2_244_WI_3_evaluation,FOODS_2_244,WI_3,WI,FOODS,FOODS_2,Lumpy
FOODS_2_020_WI_2_evaluation,FOODS_2_020,WI_2,WI,FOODS,FOODS_2,Lumpy
FOODS_3_008_TX_3_evaluation,FOODS_3_008,TX_3,TX,FOODS,FOODS_3,Lumpy
FOODS_2_124_CA_1_evaluation,FOODS_2_124,CA_1,CA,FOODS,FOODS_2,Lumpy
FOODS_3_211_WI_3_evaluation,FOODS_3_211,WI_3,WI,FOODS,FOODS_3,Lumpy
FOODS_1_201_WI_3_evaluation,FOODS_1_201,WI_3,WI,FOODS,FOODS_1,Lumpy
HOBBIES_1_404_CA_1_evaluation,HOBBIES_1_404,CA_1,CA,HOBBIES,HOBBIES_1,Lumpy
FOODS_2_135_WI_3_evaluation,FOODS_2_135,WI_3,WI,FOODS,FOODS_2,Lumpy
FOODS_3_146_WI_1_evaluation,FOODS_3_146,WI_1,WI,FOODS,FOODS_3,Lumpy
FOODS_3_464_CA_1_evaluation,FOODS_3_464,CA_1,CA,FOODS,FOODS_3,Lumpy
FOODS_3_155_WI_3_evaluation,FOODS_3_155,WI_3,WI,FOODS,FOODS_3,Lumpy
FOODS_3_600_CA_2_evaluation,FOODS_3_600,CA_2,CA,FOODS,FOODS_3,Lumpy
FOODS_1_113_CA_1_evaluation,FOODS_1_113,CA_1,CA,FOODS,FOODS_1,Lumpy
FOODS_3_124_TX_3_evaluation,FOODS_3_124,TX_3,TX,FOODS,FOODS_3,Lumpy
FOODS_3_573_TX_1_evaluation,FOODS_3_573,TX_1,TX,FOODS,FOODS_3,Lumpy
FOODS_1_015_WI_2_evaluation,FOODS_1_015,WI_2,WI,FOODS,FOODS_1,Lumpy
FOODS_3_083_WI_3_evaluation,FOODS_3_083,WI_3,WI,FOODS,FOODS_3,Lumpy
FOODS_3_112_WI_1_evaluation,FOODS_3_112,WI_1,WI,FOODS,FOODS_3,Lumpy
FOODS_3_660_TX_2_evaluation,FOODS_3_660,TX_2,TX,FOODS,FOODS_3,Lumpy
FOODS_3_433_CA_3_evaluation,FOODS_3_433,CA_3,CA,FOODS,FOODS_3,Lumpy
FOODS_2_104_WI_2_evaluation,FOODS_2_104,WI_2,WI,FOODS,FOODS_2,Lumpy
FOODS_3_021_TX_3_evaluation,FOODS_3_021,TX_3,TX,FOODS,FOODS_3,Lumpy
FOODS_1_206_TX_1_evaluation,FOODS_1_206,TX_1,TX,FOODS,FOODS_1,Lumpy
FOODS_1_164_CA_4_evaluation,FOODS_1_164,CA_4,CA,FOODS,FOODS_1,Lumpy
FOODS_1_083_CA_2_evaluation,FOODS_1_083,CA_2,CA,FOODS,FOODS_1,Lumpy
FOODS_2_270_CA_4_evaluation,FOODS_2_270,CA_4,CA,FOODS,FOODS_2,Lumpy
FOODS_1_012_WI_3_evaluation,FOODS_1_012,WI_3,WI,FOODS,FOODS_1,Lumpy
FOODS_3_644_TX_2_evaluation,FOODS_3_644,TX_2,TX,FOODS,FOODS_3,Lumpy
FOODS_1_138_TX_1_evaluation,FOODS_1_138,TX_1,TX,FOODS,FOODS_1,Lumpy
FOODS_3_786_CA_3_evaluation,FOODS_3_786,CA_3,CA,FOODS,FOODS_3,Lumpy
HOUSEHOLD_1_331_CA_2_evaluation,HOUSEHOLD_1_331,CA_2,CA,HOUSEHOLD,HOUSEHOLD_1,Lumpy
FOODS_3_095_TX_1_evaluation,FOODS_3_095,TX_1,TX,FOODS,FOODS_3,Lumpy
FOODS_2_019_WI_3_evaluation,FOODS_2_019,WI_3,WI,FOODS,FOODS_2,Lumpy
FOODS_2_107_CA_1_evaluation,FOODS_2_107,CA_1,CA,FOODS,FOODS_2,Lumpy
FOODS_2_141_TX_2_evaluation,FOODS_2_141,TX_2,TX,FOODS,FOODS_2,Lumpy
HOUSEHOLD_1_217_TX_2_evaluation,HOUSEHOLD_1_217,TX_2,TX,HOUSEHOLD,HOUSEHOLD_1,Lumpy
HOBBIES_2_118_TX_3_evaluation,HOBBIES_2_118,TX_3,TX,HOBBIES,HOBBIES_2,Lumpy
FOODS_3_391_CA_2_evaluation,FOODS_3_391,CA_2,CA,FOODS,FOODS_3,Lumpy
FOODS_3_070_WI_1_evaluation,FOODS_3_070,WI_1,WI,FOODS,FOODS_3,Lumpy
FOODS_3_428_WI_3_evaluation,FOODS_3_428,WI_3,WI,FOODS,FOODS_3,Lumpy
HOBBIES_2_032_TX_3_evaluation,HOBBIES_2_032,TX_3,TX,HOBBIES,HOBBIES_2,Lumpy
FOODS_3_664_WI_2_evaluation,FOODS_3_664,WI_2,WI,FOODS,FOODS_3,Lumpy
FOODS_3_792_CA_4_evaluation,FOODS_3_792,CA_4,CA,FOODS,FOODS_3,Lumpy
HOBBIES_1_278_CA_1_evaluation,HOBBIES_1_278,CA_1,CA,HOBBIES,HOBBIES_1,Lumpy
HOBBIES_1_032_TX_1_evaluation,HOBBIES_1_032,TX_1,TX,HOBBIES,HOBBIES_1,Lumpy
HOBBIES_1_370_TX_3_evaluation,HOBBIES_1_370,TX_3,TX,HOBBIES,HOBBIES_1,Lumpy
FOODS_3_383_WI_1_evaluation,FOODS_3_383,WI_1,WI,FOODS,FOODS_3,Lumpy
FOODS_3_369_CA_3_evaluation,FOODS_3_369,CA_3,CA,FOODS,FOODS_3,Smooth
HOUSEHOLD_1_351_TX_3_evaluation,HOUSEHOLD_1_351,TX_3,TX,HOUSEHOLD,HOUSEHOLD_1,Smooth
FOODS_2_322_WI_1_evaluation,FOODS_2_322,WI_1,WI,FOODS,FOODS_2,Smooth
FOODS_3_156_CA_2_evaluation,FOODS_3_156,CA_2,CA,FOODS,FOODS_3,Smooth
FOODS_3_586_TX_2_evaluation,FOODS_3_586,TX_2,TX,FOODS,FOODS_3,Smooth
HOUSEHOLD_1_459_TX_1_evaluation,HOUSEHOLD_1_459,TX_1,TX,HOUSEHOLD,HOUSEHOLD_1,Smooth
FOODS_2_349_WI_1_evaluation,FOODS_2_349,WI_1,WI,FOODS,FOODS_2,Smooth
HOUSEHOLD_1_225_TX_3_evaluation,HOUSEHOLD_1_225,TX_3,TX,HOUSEHOLD,HOUSEHOLD_1,Smooth
HOUSEHOLD_2_409_CA_3_evaluation,HOUSEHOLD_2_409,CA_3,CA,HOUSEHOLD,HOUSEHOLD_2,Smooth
HOUSEHOLD_1_506_CA_3_evaluation,HOUSEHOLD_1_506,CA_3,CA,HOUSEHOLD,HOUSEHOLD_1,Smooth
FOODS_3_252_WI_3_evaluation,FOODS_3_252,WI_3,WI,FOODS,FOODS_3,Smooth
FOODS_2_293_TX_3_evaluation,FOODS_2_293,TX_3,TX,FOODS,FOODS_2,Smooth
HOUSEHOLD_1_514_CA_4_evaluation,HOUSEHOLD_1_514,CA_4,CA,HOUSEHOLD,HOUSEHOLD_1,Smooth
FOODS_3_144_CA_3_evaluation,FOODS_3_144,CA_3,CA,FOODS,FOODS_3,Smooth
FOODS_2_204_CA_3_evaluation,FOODS_2_204,CA_3,CA,FOODS,FOODS_2,Smooth
FOODS_3_617_TX_2_evaluation,FOODS_3_617,TX_2,TX,FOODS,FOODS_3,Smooth
HOUSEHOLD_1_411_CA_3_evaluation,HOUSEHOLD_1_411,CA_3,CA,HOUSEHOLD,HOUSEHOLD_1,Smooth
HOUSEHOLD_1_535_CA_1_evaluation,HOUSEHOLD_1_535,CA_1,CA,HOUSEHOLD,HOUSEHOLD_1,Smooth
FOODS_3_310_WI_1_evaluation,FOODS_3_310,WI_1,WI,FOODS,FOODS_3,Smooth
FOODS_3_469_CA_3_evaluation,FOODS_3_469,CA_3,CA,FOODS,FOODS_3,Smooth
FOODS_3_707_CA_3_evaluation,FOODS_3_707,CA_3,CA,FOODS,FOODS_3,Smooth
FOODS_3_714_TX_1_evaluation,FOODS_3_714,TX_1,TX,FOODS,FOODS_3,Smooth
FOODS_2_359_CA_3_evaluation,FOODS_2_359,CA_3,CA,FOODS,FOODS_2,Smooth
FOODS_3_561_WI_3_evaluation,FOODS_3_561,WI_3,WI,FOODS,FOODS_3,Smooth
FOODS_3_577_WI_1_evaluation,FOODS_3_577,WI_1,WI,FOODS,FOODS_3,Smooth
FOODS_2_371_CA_2_evaluation,FOODS_2_371,CA_2,CA,FOODS,FOODS_2,Smooth
HOUSEHOLD_1_050_TX_3_evaluation,HOUSEHOLD_1_050,TX_3,TX,HOUSEHOLD,HOUSEHOLD_1,Smooth
HOUSEHOLD_1_304_TX_3_evaluation,HOUSEHOLD_1_304,TX_3,TX,HOUSEHOLD,HOUSEHOLD_1,Smooth
FOODS_2_322_TX_1_evaluation,FOODS_2_322,TX_1,TX,FOODS,FOODS_2,Smooth
FOODS_3_113_TX_2_evaluation,FOODS_3_113,TX_2,TX,FOODS,FOODS_3,Smooth
HOUSEHOLD_1_090_TX_3_evaluation,HOUSEHOLD_1_090,TX_3,TX,HOUSEHOLD,HOUSEHOLD_1,Smooth
FOODS_3_446_TX_3_evaluation,FOODS_3_446,TX_3,TX,FOODS,FOODS_3,Smooth
FOODS_3_523_TX_2_evaluation,FOODS_3_523,TX_2,TX,FOODS,FOODS_3,Smooth
FOODS_3_071_TX_3_evaluation,FOODS_3_071,TX_3,TX,FOODS,FOODS_3,Smooth
FOODS_3_704_WI_2_evaluation,FOODS_3_704,WI_2,WI,FOODS,FOODS_3,Smooth
FOODS_3_789_TX_2_evaluation,FOODS_3_789,TX_2,TX,FOODS,FOODS_3,Smooth
FOODS_3_377_CA_1_evaluation,FOODS_3_377,CA_1,CA,FOODS,FOODS_3,Smooth
FOODS_3_565_CA_4_evaluation,FOODS_3_565,CA_4,CA,FOODS,FOODS_3,Smooth
HOUSEHOLD_1_247_WI_2_evaluation,HOUSEHOLD_1_247,WI_2,WI,HOUSEHOLD,HOUSEHOLD_1,Smooth
FOODS_3_087_WI_3_evaluation,FOODS_3_087,WI_3,WI,FOODS,FOODS_3,Smooth
FOODS_3_136_WI_3_evaluation,FOODS_3_136,WI_3,WI,FOODS,FOODS_3,Smooth
FOODS_3_258_WI_3_evaluation,FOODS_3_258,WI_3,WI,FOODS,FOODS_3,Smooth
FOODS_3_295_CA_1_evaluation,FOODS_3_295,CA_1,CA,FOODS,FOODS_3,Smooth
FOODS_3_324_CA_4_evaluation,FOODS_3_324,CA_4,CA,FOODS,FOODS_3,Smooth
HOBBIES_1_228_CA_3_evaluation,HOBBIES_1_228,CA_3,CA,HOBBIES,HOBBIES_1,Smooth
HOUSEHOLD_1_425_CA_3_evaluation,HOUSEHOLD_1_425,CA_3,CA,HOUSEHOLD,HOUSEHOLD_1,Smooth
FOODS_2_398_WI_1_evaluation,FOODS_2_398,WI_1,WI,FOODS,FOODS_2,Smooth
FOODS_2_151_WI_3_evaluation,FOODS_2_151,WI_3,WI,FOODS,FOODS_2,Smooth
FOODS_3_746_CA_4_evaluation,FOODS_3_746,CA_4,CA,FOODS,FOODS_3,Smooth
FOODS_3_505_CA_4_evaluation,FOODS_3_505,CA_4,CA,FOODS,FOODS_3,Smooth
FOODS_3_449_CA_2_evaluation,FOODS_3_449,CA_2,CA,FOODS,FOODS_3,Smooth
FOODS_3_782_CA_3_evaluation,FOODS_3_782,CA_3,CA,FOODS,FOODS_3,Smooth
FOODS_3_377_TX_1_evaluation,FOODS_3_377,TX_1,TX,FOODS,FOODS_3,Smooth
FOODS_3_652_WI_2_evaluation,FOODS_3_652,WI_2,WI,FOODS,FOODS_3,Smooth
HOUSEHOLD_1_514_WI_3_evaluation,HOUSEHOLD_1_514,WI_3,WI,HOUSEHOLD,HOUSEHOLD_1,Smooth
FOODS_3_495_TX_1_evaluation,FOODS_3_495,TX_1,TX,FOODS,FOODS_3,Smooth
FOODS_1_170_TX_3_evaluation,FOODS_1_170,TX_3,TX,FOODS,FOODS_1,Smooth
HOUSEHOLD_1_075_TX_3_evaluation,HOUSEHOLD_1_075,TX_3,TX,HOUSEHOLD,HOUSEHOLD_1,Smooth
FOODS_2_325_WI_1_evaluation,FOODS_2_325,WI_1,WI,FOODS,FOODS_2,Smooth
FOODS_3_282_CA_4_evaluation,FOODS_3_282,CA_4,CA,FOODS,FOODS_3,Smooth
HOUSEHOLD_1_453_TX_2_evaluation,HOUSEHOLD_1_453,TX_2,TX,HOUSEHOLD,HOUSEHOLD_1,Smooth
HOUSEHOLD_1_179_CA_3_evaluation,HOUSEHOLD_1_179,CA_3,CA,HOUSEHOLD,HOUSEHOLD_1,Smooth
FOODS_2_065_WI_2_evaluation,FOODS_2_065,WI_2,WI,FOODS,FOODS_2,Smooth
HOUSEHOLD_1_535_CA_3_evaluation,HOUSEHOLD_1_535,CA_3,CA,HOUSEHOLD,HOUSEHOLD_1,Smooth
HOUSEHOLD_1_247_WI_3_evaluation,HOUSEHOLD_1_247,WI_3,WI,HOUSEHOLD,HOUSEHOLD_1,Smooth
HOUSEHOLD_1_100_CA_3_evaluation,HOUSEHOLD_1_100,CA_3,CA,HOUSEHOLD,HOUSEHOLD_1,Smooth
FOODS_3_299_WI_3_evaluation,FOODS_3_299,WI_3,WI,FOODS,FOODS_3,Smooth
HOUSEHOLD_1_151_WI_1_evaluation,HOUSEHOLD_1_151,WI_1,WI,HOUSEHOLD,HOUSEHOLD_1,Smooth
FOODS_3_184_WI_1_evaluation,FOODS_3_184,WI_1,WI,FOODS,FOODS_3,Smooth
FOODS_2_013_CA_2_evaluation,FOODS_2_013,CA_2,CA,FOODS,FOODS_2,Smooth
FOODS_3_704_CA_3_evaluation,FOODS_3_704,CA_3,CA,FOODS,FOODS_3,Smooth
FOODS_3_516_TX_2_evaluation,FOODS_3_516,TX_2,TX,FOODS,FOODS_3,Smooth
FOODS_2_359_CA_1_evaluation,FOODS_2_359,CA_1,CA,FOODS,FOODS_2,Smooth
FOODS_1_082_TX_1_evaluation,FOODS_1_082,TX_1,TX,FOODS,FOODS_1,Smooth
FOODS_2_236_TX_3_evaluation,FOODS_2_236,TX_3,TX,FOODS,FOODS_2,Smooth
HOUSEHOLD_1_096_WI_2_evaluation,HOUSEHOLD_1_096,WI_2,WI,HOUSEHOLD,HOUSEHOLD_1,Smooth
FOODS_3_555_CA_2_evaluation,FOODS_3_555,CA_2,CA,FOODS,FOODS_3,Smooth
HOUSEHOLD_1_277_TX_1_evaluation,HOUSEHOLD_1_277,TX_1,TX,HOUSEHOLD,HOUSEHOLD_1,Smooth
FOODS_3_674_TX_2_evaluation,FOODS_3_674,TX_2,TX,FOODS,FOODS_3,Smooth
HOUSEHOLD_1_339_CA_3_evaluation,HOUSEHOLD_1_339,CA_3,CA,HOUSEHOLD,HOUSEHOLD_1,Smooth
FOODS_3_232_CA_1_evaluation,FOODS_3_232,CA_1,CA,FOODS,FOODS_3,Smooth
FOODS_3_288_CA_1_evaluation,FOODS_3_288,CA_1,CA,FOODS,FOODS_3,Smooth
FOODS_1_086_CA_2_evaluation,FOODS_1_086,CA_2,CA,FOODS,FOODS_1,Smooth
FOODS_3_634_CA_1_evaluation,FOODS_3_634,CA_1,CA,FOODS,FOODS_3,Smooth
HOUSEHOLD_1_072_WI_2_evaluation,HOUSEHOLD_1_072,WI_2,WI,HOUSEHOLD,HOUSEHOLD_1,Smooth
FOODS_3_820_WI_2_evaluation,FOODS_3_820,WI_2,WI,FOODS,FOODS_3,Smooth
HOUSEHOLD_1_019_TX_3_evaluation,HOUSEHOLD_1_019,TX_3,TX,HOUSEHOLD,HOUSEHOLD_1,Smooth
FOODS_3_230_TX_3_evaluation,FOODS_3_230,TX_3,TX,FOODS,FOODS_3,Smooth
FOODS_3_263_TX_2_evaluation,FOODS_3_263,TX_2,TX,FOODS,FOODS_3,Smooth
HOUSEHOLD_1_196_CA_1_evaluation,HOUSEHOLD_1_196,CA_1,CA,HOUSEHOLD,HOUSEHOLD_1,Smooth
FOODS_3_080_CA_2_evaluation,FOODS_3_080,CA_2,CA,FOODS,FOODS_3,Smooth
FOODS_2_021_CA_3_evaluation,FOODS_2_021,CA_3,CA,FOODS,FOODS_2,Smooth
HOUSEHOLD_1_243_WI_1_evaluation,HOUSEHOLD_1_243,WI_1,WI,HOUSEHOLD,HOUSEHOLD_1,Smooth
FOODS_3_674_CA_3_evaluation,FOODS_3_674,CA_3,CA,FOODS,FOODS_3,Smooth
HOUSEHOLD_1_225_WI_1_evaluation,HOUSEHOLD_1_225,WI_1,WI,HOUSEHOLD,HOUSEHOLD_1,Smooth
HOUSEHOLD_1_247_CA_2_evaluation,HOUSEHOLD_1_247,CA_2,CA,HOUSEHOLD,HOUSEHOLD_1,Smooth
FOODS_3_011_CA_3_evaluation,FOODS_3_011,CA_3,CA,FOODS,FOODS_3,Smooth
HOUSEHOLD_1_262_WI_1_evaluation,HOUSEHOLD_1_262,WI_1,WI,HOUSEHOLD,HOUSEHOLD_1,Smooth
HOUSEHOLD_1_528_TX_2_evaluation,HOUSEHOLD_1_528,TX_2,TX,HOUSEHOLD,HOUSEHOLD_1,Smooth
FOODS_3_126_CA_3_evaluation,FOODS_3_126,CA_3,CA,FOODS,FOODS_3,Smooth
FOODS_3_744_CA_1_evaluation,FOODS_3_744,CA_1,CA,FOODS,FOODS_3,Smooth
FOODS_3_226_WI_3_evaluation,FOODS_3_226,WI_3,WI,FOODS,FOODS_3,Smooth
FOODS_3_702_TX_1_evaluation,FOODS_3_702,TX_1,TX,FOODS,FOODS_3,Smooth
FOODS_3_136_CA_1_evaluation,FOODS_3_136,CA_1,CA,FOODS,FOODS_3,Smooth
HOUSEHOLD_1_294_TX_2_evaluation,HOUSEHOLD_1_294,TX_2,TX,HOUSEHOLD,HOUSEHOLD_1,Smooth
FOODS_3_636_CA_1_evaluation,FOODS_3_636,CA_1,CA,FOODS,FOODS_3,Smooth
FOODS_2_112_WI_3_evaluation,FOODS_2_112,WI_3,WI,FOODS,FOODS_2,Smooth
FOODS_3_714_CA_1_evaluation,FOODS_3_714,CA_1,CA,FOODS,FOODS_3,Smooth
FOODS_3_367_CA_3_evaluation,FOODS_3_367,CA_3,CA,FOODS,FOODS_3,Smooth
FOODS_1_085_WI_2_evaluation,FOODS_1_085,WI_2,WI,FOODS,FOODS_1,Smooth
FOODS_3_321_CA_3_evaluation,FOODS_3_321,CA_3,CA,FOODS,FOODS_3,Smooth
HOUSEHOLD_1_007_CA_3_evaluation,HOUSEHOLD_1_007,CA_3,CA,HOUSEHOLD,HOUSEHOLD_1,Smooth
HOUSEHOLD_1_007_CA_1_evaluation,HOUSEHOLD_1_007,CA_1,CA,HOUSEHOLD,HOUSEHOLD_1,Smooth
HOBBIES_1_148_CA_1_evaluation,HOBBIES_1_148,CA_1,CA,HOBBIES,HOBBIES_1,Smooth
FOODS_3_688_TX_2_evaluation,FOODS_3_688,TX_2,TX,FOODS,FOODS_3,Smooth
HOUSEHOLD_1_202_TX_3_evaluation,HOUSEHOLD_1_202,TX_3,TX,HOUSEHOLD,HOUSEHOLD_1,Smooth
FOODS_3_228_TX_1_evaluation,FOODS_3_228,TX_1,TX,FOODS,FOODS_3,Smooth
FOODS_3_295_CA_3_evaluation,FOODS_3_295,CA_3,CA,FOODS,FOODS_3,Smooth
FOODS_3_534_CA_3_evaluation,FOODS_3_534,CA_3,CA,FOODS,FOODS_3,Smooth
FOODS_3_764_TX_3_evaluation,FOODS_3_764,TX_3,TX,FOODS,FOODS_3,Smooth
HOUSEHOLD_1_236_CA_2_evaluation,HOUSEHOLD_1_236,CA_2,CA,HOUSEHOLD,HOUSEHOLD_1,Smooth
FOODS_3_167_WI_1_evaluation,FOODS_3_167,WI_1,WI,FOODS,FOODS_3,Smooth
HOUSEHOLD_1_478_CA_2_evaluation,HOUSEHOLD_1_478,CA_2,CA,HOUSEHOLD,HOUSEHOLD_1,Smooth
FOODS_3_473_CA_1_evaluation,FOODS_3_473,CA_1,CA,FOODS,FOODS_3,Smooth
HOBBIES_1_228_WI_3_evaluation,HOBBIES_1_228,WI_3,WI,HOBBIES,HOBBIES_1,Smooth
